Timestamp,fork,dog,embarrassed1,woman,snow,weight,football1,delicious,egg,excited1,exit1,juice,delight1,bear,football2,red,embarrassed2,walk,knife,polar,horny,butter,baseball,government,scared,spoon,pregnant,surprised,car,violence,exit2,coach,bread,fraud,company,football3,crime,problem,sausage,delight2,excited2,success,person,train,disappointed,brown,wheels,jail,enter,soccer,jump,Are you Hispanic or are you fluent in Spanish? ,"What are your fluency levels in other languages? Example response: English (fluent), Spanish (fluent), French (basic reading + writing)",Spanish
12/5/2022 9:48:44,no,no,no,no,no,no,no,no,no,no,no,no,no,no,yes,no,no,no,no,no,no,no,no,no,no,no,no,no,no,no,yes,no,no,no,no,yes,no,no,no,yes,yes,no,no,no,no,no,no,no,no,no,no,Yes,,1
12/5/2022 12:18:13,no,no,no,no,no,no,no,no,no,no,no,no,no,no,no,no,yes,no,no,no,no,no,no,no,no,no,no,no,no,no,yes,no,no,no,no,yes,no,no,no,yes,yes,no,no,no,no,no,no,no,no,no,no,Yes,,1
12/5/2022 20:08:40,no,no,no,no,no,no,no,no,no,no,no,no,no,no,yes,no,yes,no,no,no,no,no,no,no,no,no,no,no,no,no,yes,no,yes,no,no,yes,no,no,no,yes,yes,no,no,no,no,no,no,no,no,yes,no,Wouldn’t you like to know :D,,1
12/6/2022 14:03:04,no,no,no,no,no,no,no,no,no,no,no,no,no,no,yes,no,yes,no,no,no,no,no,no,no,no,no,no,no,no,no,yes,no,no,no,no,yes,no,no,no,yes,yes,no,no,no,no,no,no,no,no,no,no,No,"English (fluent), Chinese (fluent), Korean (basic reading + writing)",0
12/6/2022 14:03:18,no,no,no,no,no,no,no,no,no,no,no,no,no,no,yes,no,yes,no,no,no,no,no,no,no,no,no,no,no,no,no,no,no,no,no,no,yes,no,no,no,no,yes,no,no,no,no,no,no,no,no,no,no,No,"english (fluent), chinese (fluent), german (very basic)",0
12/6/2022 14:03:50,no,no,no,no,no,no,no,no,no,no,no,no,no,no,yes,no,yes,no,no,no,no,no,no,no,no,no,no,no,no,no,yes,no,no,no,no,yes,no,no,no,no,yes,yes,no,no,yes,no,no,no,no,yes,yes,No,julia (fluent),0
12/6/2022 14:03:50,no,no,no,no,no,no,no,no,no,no,no,no,no,no,yes,no,yes,no,yes,no,no,yes,no,no,no,no,no,yes,no,no,yes,no,no,no,no,yes,no,no,no,yes,yes,no,no,no,no,no,no,no,no,no,no,No,none,0
12/6/2022 14:04:23,no,no,no,no,no,no,no,no,no,no,no,no,no,no,yes,no,yes,no,no,no,no,no,no,no,no,no,no,no,no,no,yes,no,no,no,no,yes,no,no,no,no,no,yes,no,no,no,no,no,no,no,no,no,No,,0
12/6/2022 14:04:41,no,no,no,no,no,no,no,no,no,no,no,no,no,no,yes,no,yes,no,no,no,no,no,no,no,no,no,no,yes,no,no,yes,no,no,no,no,yes,no,no,no,yes,yes,no,no,no,no,no,no,no,no,no,no,No,"English (fluent), Spanish (very basic reading/writing)",0
12/6/2022 14:04:55,no,no,no,no,no,no,no,no,no,no,no,no,no,no,yes,no,yes,no,no,no,no,no,no,no,no,yes,no,no,no,no,yes,no,no,no,no,yes,no,no,no,yes,yes,no,no,no,no,no,no,no,no,no,no,Yes,"English, Spanish, Mandarin, Cantonese, Japanese (fluent)",1
12/6/2022 14:04:56,no,no,no,no,no,no,no,no,no,no,no,no,no,no,yes,no,yes,yes,no,no,no,no,no,no,no,no,no,no,no,no,no,no,no,no,no,yes,no,no,no,no,no,no,no,no,no,no,no,no,no,no,no,No,"English (fluent), Korean (fluent), Japanese (intermediate)",0
12/6/2022 14:05:04,no,no,no,no,no,no,no,no,no,no,no,no,no,no,yes,no,yes,no,no,no,no,no,no,no,no,no,no,no,no,no,yes,no,no,no,no,yes,no,no,no,no,yes,no,no,no,no,no,no,no,no,no,no,No,"english (fluent), chinese (fluent), spanish(proficient)",1
12/6/2022 14:05:22,no,no,no,no,no,no,no,no,no,no,no,no,no,no,yes,no,yes,no,no,no,no,no,no,no,no,no,no,yes,no,no,yes,no,no,no,no,yes,no,no,no,no,yes,yes,no,no,yes,no,no,no,no,yes,yes,Yes,"English (fluent), Spanish (fluent), Russian (intermediate)",1
12/6/2022 14:05:22,no,no,no,no,no,no,no,no,no,no,no,no,no,no,yes,no,yes,no,no,no,no,no,no,no,no,no,no,no,no,no,yes,no,no,no,no,yes,no,no,no,yes,yes,no,no,no,no,no,no,no,no,no,no,No,"French (proficient), German (basic)",0
12/6/2022 14:05:52,no,no,no,no,no,no,no,no,no,no,no,no,no,no,no,no,yes,no,no,no,no,no,no,no,no,no,no,yes,no,no,yes,no,no,no,no,no,no,no,no,yes,yes,no,no,no,yes,no,no,no,no,no,no,"Not fluent, grew up around Spanish speakers",English (fluent),1
12/6/2022 14:06:03,no,no,no,no,no,no,no,no,no,no,no,no,no,no,yes,no,yes,no,no,no,no,no,no,no,no,no,no,no,no,no,yes,no,no,no,no,yes,no,no,no,yes,yes,no,no,no,no,no,no,no,no,no,no,"Not fluent, grew up around Spanish speakers","English (fluent), Spanish (basic comprehension) - I took 4 years of Spanish and got a 5 on the AP Spanish Language Exam, but we know that doesn't equate to fluency lmao",1
12/6/2022 14:06:12,no,no,no,no,no,no,no,no,no,no,no,no,no,no,yes,no,yes,no,no,no,no,no,no,no,no,no,no,no,no,no,yes,no,no,no,no,yes,no,no,no,yes,yes,no,no,no,no,no,no,no,no,no,no,No,"polish (fluent), spanish (basic reading + writing)",0
12/6/2022 14:06:15,no,no,no,no,no,no,no,no,no,no,no,no,no,no,no,no,yes,no,no,no,no,no,no,no,no,no,no,yes,no,no,yes,no,no,no,no,yes,no,no,no,yes,yes,no,no,no,no,no,no,no,no,no,no,No,English (fluent) + Mandarin (fluent),0
12/6/2022 14:06:20,no,no,no,no,no,no,no,no,no,no,no,no,no,no,yes,no,yes,no,no,no,no,no,no,no,no,yes,yes,yes,no,no,yes,no,no,no,no,yes,yes,no,no,yes,yes,yes,yes,no,no,yes,no,no,no,no,no,No,English (fluent),0
12/6/2022 14:06:38,no,no,no,no,no,no,no,no,no,no,no,no,no,no,yes,no,yes,no,no,no,no,no,no,no,no,no,no,no,no,no,yes,no,no,no,no,yes,no,no,no,yes,yes,no,no,no,no,no,no,no,no,no,no,No,"English (fluent), Vietnamese (basic speaking), French (basic speaking, reading, writing)",0
12/6/2022 14:06:42,no,no,no,no,no,no,no,no,no,no,no,no,no,no,yes,no,yes,no,no,no,no,no,no,no,no,no,no,no,no,no,yes,no,no,no,no,yes,no,no,no,no,yes,no,no,no,no,no,no,no,no,no,no,Yes,English (fluent); Spanish (fluent),1
12/6/2022 14:07:06,no,no,no,no,no,no,no,no,no,no,no,no,no,no,yes,no,yes,no,no,no,no,no,no,no,no,no,no,no,no,no,yes,no,no,no,no,yes,no,no,no,yes,yes,no,no,no,yes,no,no,no,no,no,no,No,"English (fluent), Mandarin (fluent), Spanish (proficient)",1
12/6/2022 14:07:13,no,no,no,no,no,no,no,no,no,no,no,no,no,no,yes,no,yes,no,no,no,no,no,no,no,no,no,no,no,no,no,yes,no,no,no,no,yes,no,no,no,yes,yes,no,no,no,no,no,no,no,no,no,yes,No,English (fluent),0
12/6/2022 14:07:36,no,no,no,no,no,no,no,no,no,no,no,no,no,no,yes,no,no,no,no,no,no,no,no,no,no,no,no,no,no,no,no,no,no,no,no,yes,no,no,no,no,yes,yes,yes,no,yes,no,no,no,no,no,no,No,English (Fluent) Chinese (able to speak and listen),0
12/6/2022 14:07:41,no,no,no,no,no,no,no,no,no,no,no,no,no,no,yes,no,yes,no,no,no,no,no,no,no,no,no,no,no,no,no,yes,no,no,no,no,yes,no,no,no,yes,yes,no,no,no,no,no,no,no,no,no,no,No,"English (fluent), Portuguese (good listening and reading, some speaking), French (very basic)",0
12/6/2022 14:07:50,no,no,no,no,no,no,no,no,no,no,no,no,yes,no,yes,no,yes,no,no,no,no,no,no,no,no,no,no,no,yes,no,yes,no,yes,no,no,yes,no,yes,no,yes,no,no,no,no,no,no,no,no,no,no,no,No,"English (Fluent), Pashto (Fluent), Russian (Intermediate), Arabic (intermediate reading)",0
12/6/2022 14:08:29,no,no,no,no,no,no,no,no,no,no,no,no,no,no,yes,no,yes,no,no,no,no,no,no,no,no,no,no,no,no,no,yes,no,no,no,no,yes,no,no,no,yes,yes,no,no,no,no,no,no,no,no,no,no,No,Mandarin Chinese,0
12/6/2022 14:08:51,no,no,no,no,no,no,no,no,no,no,no,no,no,no,yes,no,yes,no,no,no,no,no,no,no,no,no,no,yes,no,no,yes,no,yes,no,no,yes,yes,no,no,no,yes,no,no,no,yes,no,no,yes,no,no,yes,No,"French, fluent",0
12/6/2022 14:08:53,no,no,no,no,no,no,no,no,no,no,no,no,no,no,yes,no,yes,no,no,no,no,no,no,no,no,no,no,no,no,no,yes,no,no,no,no,yes,no,no,no,yes,yes,no,no,no,no,no,no,no,no,yes,no,No,"English (reading + basic writing), Indonesia (fluent)",0
12/6/2022 14:09:17,no,no,no,no,no,no,no,no,no,no,no,no,no,no,yes,no,yes,no,no,no,no,no,no,no,yes,no,no,no,no,no,yes,no,no,no,no,yes,no,no,no,yes,yes,no,no,no,no,no,no,no,no,no,no,conversational in Spanish,"English (fluent), Spanish (conversational), Mandarin Chinese (conversational)",1
12/6/2022 14:09:18,no,no,no,no,no,no,no,no,no,no,no,no,no,no,yes,no,no,no,no,no,no,no,no,no,no,no,no,no,no,no,yes,no,no,no,no,yes,no,no,no,yes,yes,no,no,no,yes,no,no,no,no,no,no,No,"English (fluent), French (basic reading)",0
12/6/2022 14:09:38,no,no,no,no,no,no,no,no,no,no,no,no,no,no,yes,no,yes,no,no,no,no,no,no,no,no,no,no,no,no,no,yes,no,no,no,no,yes,no,no,no,yes,yes,no,no,no,no,no,no,no,no,no,no,No,"English (fluent), French (basic reading + writing)",0
12/6/2022 14:09:50,no,no,no,no,no,no,no,no,no,no,no,no,no,no,yes,no,yes,no,no,no,no,no,no,no,no,no,no,no,no,no,yes,no,no,no,no,yes,no,no,no,yes,yes,no,no,no,yes,no,no,no,no,yes,no,No,"English native, French b1",0
12/6/2022 14:09:50,no,no,no,no,no,no,no,no,no,no,no,no,no,no,yes,no,yes,no,no,no,no,no,no,no,no,no,no,no,no,no,yes,no,no,no,no,yes,no,no,no,yes,yes,no,no,no,yes,no,yes,no,no,yes,no,No,"English (fluent), French (basic reading + writing + speaking)",0
12/6/2022 14:10:02,no,no,no,no,no,no,no,no,no,no,no,no,no,no,yes,no,yes,no,no,no,no,no,no,no,no,no,no,no,no,no,yes,no,no,no,no,yes,no,no,no,yes,yes,no,no,no,no,no,no,no,no,no,no,No,"English(fluent), Arabic(fluent), Kurdish(fluent), Turkish(Proficient)",0
12/6/2022 14:10:10,no,no,no,no,no,no,no,no,no,no,no,no,no,no,yes,no,yes,no,no,no,no,no,no,no,no,no,no,no,no,no,yes,no,no,no,no,yes,no,no,no,yes,yes,no,yes,no,yes,no,no,no,no,no,no,not hispanic but fluent in spanish,"English (native), Spanish (fluent), French (fluent), Swedish (half fluent)",1
12/6/2022 14:10:15,no,no,no,no,no,no,no,no,no,yes,no,no,no,no,no,no,yes,no,no,no,no,no,no,no,yes,no,no,no,no,no,yes,no,no,no,no,yes,no,no,no,yes,yes,no,no,yes,no,no,no,no,no,no,no,No,"English (fluent), Gujarati (fluent), Marathi (fluent), Hindi (basic), Spanish (basic)",0
12/6/2022 14:10:25,no,no,no,no,no,no,no,no,no,no,no,no,no,no,yes,no,yes,no,no,no,no,no,no,no,no,no,no,no,no,no,yes,no,no,no,no,yes,no,no,no,yes,yes,no,no,no,no,no,no,no,no,no,no,No,"English (fluent), Russian (heritage), Japanese (intermediate), French (beginner), Latin (beginner)",0
12/6/2022 14:10:34,no,no,no,no,no,no,no,no,no,no,no,no,no,no,yes,no,yes,no,no,no,no,no,no,no,no,no,no,no,no,no,yes,no,no,no,no,yes,no,no,no,yes,yes,no,no,no,no,no,no,no,no,no,no,No,Spanish (hardly) Jamaican Patois (Native) English (Native) Japanese (Basic),0
12/6/2022 14:10:45,no,no,no,no,no,no,no,no,no,no,no,no,no,no,yes,no,yes,no,no,no,no,no,no,no,no,no,no,no,no,no,yes,no,no,no,no,yes,no,no,no,yes,yes,no,no,no,no,no,yes,no,no,no,no,No,"English (fluent)
Bengali (fluent)
Hindi (fluent)
French (basic reading + writing)",0
12/6/2022 14:11:02,no,no,no,no,no,no,no,no,no,no,no,no,no,no,no,no,yes,no,no,no,no,no,no,no,no,no,no,no,no,no,yes,no,no,no,no,yes,no,no,no,yes,yes,no,no,no,no,no,no,no,no,no,no,Yes,"English (fluent), Spanish (fluent), Russian (basic reading, writing, conversational)",1
12/6/2022 14:11:13,no,no,no,no,no,no,no,no,no,no,no,no,no,no,no,no,no,no,no,no,no,no,no,no,no,no,no,no,no,no,yes,no,no,no,no,no,no,no,no,no,yes,no,no,no,no,no,no,no,no,no,no,No,"english (fluent), spanish (intermediate reading + writing, basic speaking)",1
12/6/2022 14:11:38,no,no,no,no,no,no,no,no,no,no,no,no,no,no,yes,no,yes,no,no,no,no,no,no,no,no,no,no,no,no,no,yes,no,no,no,no,yes,yes,yes,no,no,yes,no,no,yes,no,no,no,no,no,no,no,No,English (fluent),0
12/6/2022 14:12:15,no,no,no,no,no,no,no,no,no,no,no,no,no,no,yes,no,no,no,no,no,no,no,no,no,no,no,no,no,no,no,yes,no,no,,no,yes,no,no,no,yes,yes,yes,no,no,no,no,no,no,no,no,no,No,english fluent,0
12/6/2022 14:12:38,no,no,no,no,no,no,no,no,no,no,no,no,no,no,yes,no,yes,no,no,no,no,no,no,no,no,no,no,no,no,no,yes,no,no,no,no,yes,no,no,no,yes,yes,no,no,no,no,no,no,no,no,no,no,Studied Spanish in high school,"English (fluent, native), Mandarin Chinese (intermediate)",0
12/6/2022 14:12:51,no,no,no,no,no,no,no,no,no,no,no,no,no,no,yes,no,yes,no,no,no,no,no,no,no,no,no,no,no,no,no,yes,no,no,no,no,yes,yes,no,no,yes,yes,no,yes,no,no,no,no,yes,yes,no,no,taken it for 10y,"English fluent, French fluent, Spanish proficient",1
12/6/2022 14:12:54,no,no,no,no,no,no,no,no,no,no,no,no,no,no,yes,no,yes,no,no,no,no,no,no,no,no,no,no,no,no,no,yes,no,no,no,no,yes,no,no,no,yes,yes,no,no,no,no,no,no,no,no,no,no,No,"english, chinese (speaking), french (fluent)",0
12/6/2022 14:13:16,no,no,no,no,no,no,no,no,no,no,no,no,no,no,yes,no,yes,no,no,no,no,no,no,no,no,no,no,no,no,no,yes,no,no,no,no,yes,no,no,no,yes,yes,no,no,no,no,no,no,no,no,no,no,No,"English (fluent), Spanish (conversational)",1
12/6/2022 14:14:18,no,no,no,no,no,no,no,no,no,no,no,no,no,no,yes,no,yes,no,no,no,no,no,no,no,no,no,no,no,no,no,yes,no,no,no,no,no,no,no,no,yes,yes,no,no,no,no,no,no,no,no,yes,no,No,"English (native), Spanish Russian French and Mandarin (basic reading + writing)",0
12/6/2022 14:14:30,no,no,no,no,no,no,no,no,no,no,no,no,no,no,yes,no,yes,no,no,no,no,no,no,no,no,no,no,no,no,no,yes,no,no,no,no,yes,no,no,no,no,yes,yes,no,no,no,no,no,yes,yes,yes,no,No,"English (fluent), Mandarin (native)",0
12/6/2022 14:14:38,no,no,no,no,no,no,no,no,no,no,no,no,no,no,yes,no,yes,no,no,no,no,no,no,no,no,no,no,no,no,no,no,no,no,no,no,yes,no,no,no,no,yes,no,no,no,no,no,no,no,no,no,no,No,"English (fluent), Mandarin (fluent)",0
12/6/2022 14:14:56,no,no,no,no,no,no,no,no,no,no,no,no,no,no,yes,no,yes,no,no,no,no,no,no,no,no,no,no,no,no,no,yes,no,no,no,no,yes,no,no,no,no,yes,no,no,no,no,no,no,no,no,no,no,No,Mandarin Chinese (conversationally fluent),0
12/6/2022 14:15:07,no,no,no,no,no,no,no,no,no,no,no,no,no,no,yes,no,yes,no,no,no,no,no,no,no,no,no,no,yes,no,no,yes,no,no,no,no,yes,no,no,no,yes,yes,no,no,no,no,no,no,no,no,no,no,Yes,"English (fluent), Spanish (fluent), Chinese (basic reading, writing, speaking)",1
12/6/2022 14:15:12,no,no,no,no,no,no,no,no,no,no,no,no,no,no,yes,no,yes,no,yes,no,no,no,no,no,no,no,yes,yes,no,no,yes,no,no,no,no,yes,no,no,no,yes,yes,no,no,no,yes,no,no,no,yes,no,no,No,"English (fluent), Chinese (basic reading + writing)",0
12/6/2022 14:15:20,no,no,no,no,no,no,no,no,no,no,no,no,no,no,yes,no,yes,no,no,no,no,no,no,no,no,no,no,no,no,no,yes,no,no,no,no,yes,no,no,no,yes,yes,no,no,no,no,no,no,no,no,no,no,No,"English (fluent), Spanish (intermediate, took in high school), Chinese (advanced, grew up speaking/took at MIT), Japanese (intermediate, taking at MIT)",0
12/6/2022 14:16:02,no,no,no,no,no,no,no,no,no,no,no,no,no,no,no,no,no,no,no,no,no,no,no,no,no,no,no,no,no,no,yes,no,no,no,no,yes,no,no,no,no,yes,no,no,no,no,no,no,no,no,no,no,No,"English (fluent), Mandarin Chinese (basic speaking + very little reading), Spanish (took in high school but not fluent at all)",0
12/6/2022 14:16:24,no,no,no,no,no,no,no,no,no,no,no,no,no,no,yes,no,yes,no,no,no,no,no,no,no,no,no,no,no,no,no,yes,no,no,no,no,yes,no,no,no,yes,yes,no,no,no,yes,no,yes,no,no,no,no,No,Mandarin (intermediate),0
12/6/2022 14:16:37,no,no,no,no,no,no,no,no,no,no,no,no,no,no,yes,no,yes,no,no,no,no,no,no,no,no,no,no,no,no,no,yes,no,no,no,no,yes,no,no,no,yes,yes,no,yes,no,no,no,no,no,no,no,no,Took many years of spanish in middle+high school,,0
12/6/2022 14:16:49,no,no,no,no,no,no,no,no,no,no,no,no,no,no,yes,no,yes,no,no,no,no,no,no,no,no,no,no,no,no,no,yes,no,no,no,no,yes,no,no,no,yes,yes,no,no,no,no,no,no,no,no,no,no,No,"English (fluent), Mandarin (basic reading+writing)",0
12/6/2022 14:20:15,no,no,no,no,no,no,no,no,no,no,no,no,no,no,yes,no,yes,no,no,no,no,no,no,no,no,no,no,no,no,no,yes,no,no,no,no,yes,no,no,no,no,yes,no,no,no,no,no,no,no,no,no,no,No,"english fluent, hindi fluent, spanish intermediate",0
12/6/2022 14:20:44,no,no,no,no,no,no,no,no,no,no,no,no,no,no,yes,no,yes,no,no,no,no,no,no,no,no,no,no,no,no,no,no,no,no,no,no,yes,yes,no,no,yes,yes,no,no,no,no,no,no,no,no,no,no,No,English (fluent); Spanish (working proficiency); Cantonese (fluent); Mandarin (working proficiency),1
12/6/2022 14:22:04,no,no,no,no,no,no,no,no,no,no,no,no,no,no,yes,no,yes,no,no,no,no,no,no,no,no,no,no,no,no,no,yes,no,no,no,no,yes,no,no,no,yes,yes,no,no,no,no,no,no,no,no,no,no,No,Farsi (conversational with some reading + writing),0
12/6/2022 14:22:05,no,no,no,no,no,no,no,no,no,no,no,no,no,no,yes,no,yes,no,no,no,no,no,no,no,no,no,no,no,no,no,yes,no,no,no,no,yes,no,no,no,no,yes,no,yes,yes,no,no,no,no,no,no,no,Yes,"English (fluent), Spanish (fluent)",1
12/6/2022 14:22:11,no,no,no,no,no,no,no,no,no,no,no,no,no,no,yes,no,yes,no,no,no,no,no,yes,no,no,no,no,yes,yes,no,no,no,no,no,no,yes,no,no,no,yes,yes,no,no,no,no,no,no,no,yes,no,no,Yes,,1
12/6/2022 14:22:11,no,no,no,no,no,no,no,no,no,no,no,no,no,no,yes,no,yes,yes,no,no,no,no,no,no,yes,no,no,yes,yes,no,yes,yes,yes,no,no,yes,no,yes,no,no,yes,yes,yes,no,yes,no,no,no,no,no,no,No,"English (native, fluent), French (very basic reading), Spanish (basic reading)",0
12/6/2022 14:22:15,no,no,no,no,no,no,no,no,no,no,no,no,no,no,yes,no,yes,no,no,no,no,no,no,no,no,no,no,no,no,no,yes,no,no,no,no,yes,no,no,no,yes,yes,no,no,no,no,no,no,no,no,yes,no,No,"English (fluent), French (working-proficiency)",0
12/6/2022 14:23:48,no,no,no,no,no,no,no,no,no,no,no,no,no,no,no,no,yes,no,no,no,no,no,no,no,no,no,no,no,no,no,yes,no,no,no,no,yes,no,no,no,yes,yes,no,no,no,no,no,no,no,no,no,no,Yes,"English (fluent), Spanish (intermediate)",1
12/6/2022 14:24:18,no,no,no,no,no,no,no,no,no,no,no,no,no,no,no,no,yes,no,no,no,no,no,no,no,no,no,no,no,no,no,yes,no,no,no,no,yes,no,no,no,yes,yes,no,no,no,no,no,no,no,no,no,no,No,"English fluent, german (can hold a conversation, writing is better than speaking.)",0
12/6/2022 14:26:21,no,no,no,no,no,no,no,no,no,no,no,no,no,no,yes,no,yes,no,no,no,no,no,no,no,no,no,no,no,no,no,yes,no,no,no,no,yes,no,no,no,no,yes,no,no,no,no,no,no,no,no,no,no,No,"thai (native speaking, barely read/write) mandarin (alright), french (some read/write)",0
12/6/2022 14:27:16,no,no,no,no,no,no,no,no,no,no,no,no,no,no,yes,no,yes,no,no,no,no,no,no,no,no,no,no,no,no,no,yes,no,no,no,no,yes,no,no,no,yes,yes,no,no,no,no,no,no,no,no,no,no,No,"English (Fluent), Burmese (Fluent), Mandarin (Intermediate)",0
12/6/2022 14:27:23,no,no,no,no,no,no,no,no,no,no,no,no,no,no,no,no,yes,no,no,no,no,no,no,no,no,no,no,no,no,no,yes,no,no,no,no,no,no,no,no,no,yes,no,no,no,no,no,no,no,no,no,no,"took 4 years high school spanish, but wouldn't say fluent","English(fluent), Chinese(fluent speaking+basic reading)",0
12/6/2022 14:29:21,no,no,no,no,no,no,no,no,no,no,no,no,no,no,no,no,yes,no,no,no,no,no,no,no,no,no,no,no,no,no,yes,no,no,no,no,yes,no,no,no,yes,yes,no,no,no,no,yes,no,no,no,yes,no,"Not fluent, grew up around Spanish speakers",English (fluent),1
12/6/2022 14:30:01,no,no,no,no,no,no,no,no,no,no,no,no,no,no,yes,no,yes,no,no,no,no,no,no,no,no,no,no,no,no,no,yes,no,no,no,no,yes,no,no,no,yes,yes,no,no,no,no,no,no,no,no,no,no,No,"English (fluent), Mandarin (fluent), Spanish (basic reading + writing)",0
12/6/2022 14:31:15,no,no,no,no,no,no,no,no,no,no,no,no,no,no,yes,no,yes,no,no,no,no,no,no,no,no,no,no,no,no,no,yes,no,no,no,no,yes,no,no,no,yes,yes,no,no,no,no,no,no,no,no,no,no,No,Basic reading writing speaking in Chinese ,0
12/6/2022 14:31:20,no,no,no,no,no,no,no,no,no,no,no,no,no,no,yes,no,yes,no,no,no,no,no,no,no,no,no,no,no,no,no,yes,no,no,no,no,yes,no,no,no,yes,yes,no,no,no,no,no,no,no,no,yes,no,No,,0
12/6/2022 14:31:23,no,no,no,no,no,no,no,no,no,no,no,no,yes,no,yes,no,yes,no,no,no,no,no,no,no,no,no,no,no,yes,no,no,no,no,no,no,yes,no,no,no,yes,yes,no,no,no,yes,no,no,no,no,no,no,"Not fluent, grew up around Spanish speakers","English (fluent), Spanish (basic listening, reading, and writing), Japanese (basic listening",1
12/6/2022 14:31:57,no,no,no,no,no,no,no,no,no,no,no,no,no,no,no,no,yes,no,no,no,no,no,no,no,no,no,no,no,no,no,yes,no,no,no,no,yes,no,no,no,yes,yes,no,no,no,yes,no,no,no,no,no,no,No,"English (fluent), Tamil (fluent)",0
12/6/2022 14:32:27,no,no,no,no,no,no,no,no,no,no,no,no,no,no,no,no,yes,no,no,no,no,no,no,no,no,no,no,no,no,no,yes,no,no,no,no,yes,no,no,no,no,yes,no,no,no,no,no,no,no,no,no,no,No,French(basic vocabulary +reading/writing) English(fluent),0
12/6/2022 14:34:29,no,no,no,no,no,no,no,no,no,no,no,no,no,no,yes,no,yes,no,no,no,no,no,no,no,no,no,no,no,no,no,yes,no,no,no,no,yes,no,no,no,yes,yes,no,yes,no,no,no,no,no,no,no,no,Yes,"English (fluent), Spanish (fluent), Gaelic (basic reading, writing, speaking), French and German (basic reading)",1
12/6/2022 14:34:39,no,no,no,no,no,no,no,no,no,no,no,no,no,no,no,no,yes,no,no,no,no,no,no,no,no,no,no,no,no,no,yes,no,no,no,no,yes,no,no,no,yes,yes,no,no,no,no,no,no,no,no,no,yes,No,Chinese (fluent),0
12/6/2022 14:37:04,no,no,no,no,no,no,no,no,no,no,no,no,no,no,yes,no,yes,no,no,no,no,no,no,no,no,no,no,yes,no,no,yes,no,no,no,no,yes,no,no,no,yes,yes,no,no,no,yes,no,no,no,no,no,no,No,"English (fluent), Khmer (intermediate speaking), Spanish (basic reading + writing)",0
12/6/2022 14:38:40,no,no,no,no,no,no,no,no,no,no,no,no,no,no,yes,no,yes,no,no,no,no,no,no,no,no,no,no,no,no,no,yes,no,yes,no,no,yes,no,no,no,yes,yes,no,no,no,no,no,no,no,no,no,no,Yes,"English (fluent), French (fluent)",0
12/6/2022 14:38:44,no,no,no,no,no,no,no,no,no,no,no,no,no,no,yes,no,yes,no,no,no,no,no,no,no,no,no,no,yes,no,no,yes,no,no,no,no,yes,no,no,no,no,yes,no,no,yes,no,no,no,no,no,yes,no,No,English (fluent),0
12/6/2022 14:39:03,no,no,no,no,no,no,no,no,no,no,no,no,no,no,yes,no,yes,no,no,no,no,no,no,no,no,no,no,no,no,no,yes,no,no,no,no,yes,no,no,no,yes,yes,no,no,no,no,no,no,no,no,no,no,No,"English (fluent), Mandarin (fluent)",0
12/6/2022 14:39:16,no,no,no,no,no,no,no,no,no,no,no,no,no,no,yes,no,yes,no,no,no,no,no,no,no,no,no,no,no,no,no,no,no,no,no,no,yes,no,no,no,yes,yes,no,no,no,no,no,no,no,no,no,no,No,"English (fluent), French (fluent), German (fluent), Italian (basic reading/writing/listening/speaking), Hungarian (basic reading/writing/listening/speaking)",0
12/6/2022 14:39:26,no,no,no,no,no,no,no,no,no,no,no,no,no,no,yes,no,yes,no,no,no,no,no,no,no,no,no,no,no,no,no,yes,no,no,no,no,yes,no,no,no,yes,yes,no,no,no,no,no,no,no,no,no,no,No,"English (fluent), Mandarin (proficient speaking), French (basic reading, writing, speaking)",0
12/6/2022 14:39:32,no,no,no,no,no,no,no,no,no,no,no,no,no,no,yes,no,yes,no,no,no,no,no,no,no,no,no,no,no,no,no,yes,no,no,no,no,yes,no,no,no,yes,yes,no,no,no,no,no,no,no,no,no,no,No,English fluent,0
12/6/2022 14:44:14,no,no,no,no,no,no,no,no,no,no,no,no,no,no,yes,no,yes,no,no,no,no,no,no,no,no,no,no,no,no,no,yes,no,no,no,no,yes,no,no,no,yes,yes,no,no,no,no,no,no,no,no,no,no,grew up around one spanish speaker (grandma) but otherwise no,"English (fluent), Spanish (basic speaking/listening, reading/writing at the spanish 4 level)",1
12/6/2022 14:45:30,no,no,no,no,no,no,no,no,no,no,no,no,no,no,yes,no,yes,no,no,no,no,no,no,no,no,no,no,no,no,no,yes,no,no,no,no,yes,no,no,no,yes,yes,no,no,no,no,no,no,no,no,no,no,Yes,"English and Spanish fluent, German basic/intermediate",1
12/6/2022 14:47:00,no,no,no,no,no,no,no,no,no,no,no,no,no,no,yes,no,yes,no,no,no,no,no,no,no,no,no,no,no,no,no,yes,no,no,no,no,yes,no,no,no,yes,yes,no,no,no,no,no,no,no,no,no,no,No,"English (fluent), Mandarin (fluent) ",0
12/6/2022 14:47:17,no,no,no,no,no,no,no,no,no,no,no,no,no,no,yes,no,yes,no,no,no,no,no,no,no,no,no,no,no,no,no,yes,no,no,no,no,yes,no,no,no,yes,yes,no,no,no,no,no,no,no,no,yes,no,No,"Spanish, beginner",0
12/6/2022 14:48:05,no,no,no,no,no,no,no,no,no,no,no,no,no,no,yes,no,yes,no,yes,no,no,no,no,no,no,no,no,no,no,no,yes,no,no,no,no,yes,no,no,no,yes,yes,no,no,no,no,no,no,no,no,no,no,No,"Fluent in English
Intermediate Spanish ",0
12/6/2022 14:50:10,no,no,no,no,no,no,no,no,no,no,no,no,no,no,yes,no,yes,no,no,no,no,no,no,no,no,no,no,no,no,no,yes,no,yes,no,no,yes,no,no,no,yes,yes,no,no,no,no,no,no,no,no,no,no,No,"English (native), Marathi (native), Hindi (fluent)",0
12/6/2022 14:50:16,no,no,no,no,no,no,no,no,no,no,no,no,no,no,yes,no,yes,no,no,no,no,no,no,no,no,no,no,no,no,no,yes,no,no,no,no,yes,yes,no,no,yes,yes,no,no,no,yes,no,no,no,no,no,no,No,English (fluent),0
12/6/2022 14:50:35,no,no,no,no,no,no,no,no,no,no,no,no,no,no,yes,no,yes,no,no,no,no,no,no,no,no,no,no,no,no,no,yes,no,no,no,no,yes,no,no,no,yes,yes,no,no,no,no,no,no,no,no,no,no,No,"English (fluent), Mandarin (fluent), German (intermediate)",0
12/6/2022 14:50:40,no,no,no,no,no,no,no,no,no,no,no,no,no,no,no,no,yes,no,no,no,no,no,no,no,no,yes,no,yes,no,no,yes,no,no,no,no,yes,no,no,no,yes,yes,no,yes,no,no,no,no,no,no,no,no,No,"English (fluent), Chinese (up to Chinese IIIish much better reading than speaking), Korean (up to like Korean II)",0
12/6/2022 14:50:51,no,no,no,no,no,no,no,no,no,no,no,no,no,no,no,no,yes,no,no,no,no,no,no,no,no,no,no,no,no,no,yes,no,no,no,no,yes,no,no,no,yes,yes,no,no,no,yes,no,no,no,no,no,no,Yes,"English (fluent), Spanish (fluent), Italian (basic comprehension)",1
12/6/2022 14:51:50,no,no,no,no,no,no,no,no,no,no,no,no,no,no,yes,no,yes,no,no,no,no,no,no,no,no,no,no,yes,no,no,yes,no,no,no,no,yes,no,no,no,yes,yes,no,no,no,no,no,no,no,no,no,no,No,"English(fluent), French(intermediate/advanced)",0
12/6/2022 14:54:29,no,no,no,no,no,no,no,no,no,no,no,no,no,no,yes,no,yes,no,no,no,no,no,no,no,no,no,no,no,no,no,yes,no,no,no,no,yes,no,no,no,yes,yes,no,no,no,no,no,no,no,no,no,no,No,"English(fluent), Chinese(fluent)",0
12/6/2022 14:55:28,no,no,no,no,no,no,no,no,no,no,no,no,no,no,no,no,no,no,no,no,no,no,no,no,no,no,no,no,no,no,yes,no,no,no,no,yes,no,no,no,yes,yes,no,no,no,no,no,no,no,no,no,no,No,"English(fluent), Bengali (fluent), Hindi (Speaking)",0
12/6/2022 14:56:07,no,,no,no,no,no,no,no,no,no,no,no,no,no,yes,no,yes,no,no,no,no,no,no,no,no,no,no,no,yes,no,yes,no,no,no,no,yes,no,no,no,yes,yes,yes,no,no,no,no,no,no,yes,no,no,No,"english (fluent) , spanish (intermediate) , italian (basic)",1
12/6/2022 14:58:15,no,no,no,no,no,no,no,no,no,no,no,no,no,no,yes,no,yes,no,no,no,no,no,no,no,no,no,no,no,no,no,yes,no,no,no,no,yes,no,no,no,no,yes,no,no,no,no,no,no,no,no,no,no,Yes,"English (fluent), Spanish(fluent), Mandarin (intermediate)",1
12/6/2022 15:00:18,no,no,no,no,no,no,no,no,no,no,no,no,no,no,yes,no,yes,yes,no,no,no,no,no,no,no,no,no,no,no,no,yes,no,no,no,no,yes,no,no,no,no,yes,no,no,no,no,no,no,no,no,no,no,No,English(fluent),0
12/6/2022 15:01:10,no,no,no,no,no,no,no,no,no,yes,no,no,no,no,yes,no,yes,no,no,no,no,no,no,no,no,no,no,no,no,no,yes,no,no,no,no,yes,no,no,no,yes,yes,no,no,no,no,no,no,no,no,no,no,No,Italian (fluent),0
12/6/2022 15:02:59,no,no,no,no,no,no,no,no,no,no,no,no,no,no,yes,no,yes,no,no,no,no,no,no,no,no,no,no,no,no,no,yes,no,no,no,no,yes,no,no,no,no,yes,no,no,no,no,no,no,no,no,yes,no,No,"english (fluent), mandarin chinese (semi fluent), spanish (basic reading + writing)",0
12/6/2022 15:04:28,no,no,no,no,no,no,no,no,no,no,no,no,no,no,yes,no,yes,no,no,yes,no,no,no,no,no,no,no,no,no,no,yes,no,no,no,no,yes,no,no,no,yes,yes,no,yes,no,no,no,no,no,no,no,no,No,,0
12/6/2022 15:09:58,no,no,no,no,no,no,no,no,no,yes,no,no,no,no,no,no,yes,no,no,no,no,no,no,no,no,no,no,yes,no,no,yes,no,no,no,no,yes,no,no,no,yes,yes,no,no,no,no,no,no,no,no,yes,no,No,"English (fluent), Mandarin Chinese (basic speaking + reading + writing)",0
12/6/2022 15:12:44,no,no,no,no,no,no,no,no,no,no,no,no,no,no,yes,no,yes,no,no,no,no,no,no,no,no,no,no,no,no,no,yes,no,no,no,no,yes,no,no,no,yes,yes,no,no,no,no,no,no,no,no,no,no,No,English,0
12/6/2022 15:13:58,no,no,no,no,no,no,no,no,no,no,no,no,no,no,yes,no,yes,no,no,no,no,no,no,no,no,no,no,no,no,no,yes,no,yes,no,no,yes,no,no,no,yes,yes,no,no,no,yes,no,no,no,no,yes,no,Yes,"English fluent, Spanish fluent, french intermediate ",1
12/6/2022 15:14:01,no,no,no,no,no,no,no,no,no,no,no,no,yes,no,yes,no,yes,no,no,no,no,no,no,no,no,no,no,no,no,no,yes,no,no,no,no,yes,no,no,no,yes,yes,no,no,no,yes,no,no,no,no,no,no,No,"english (fluent), mandarin (fluent), spanish (basic speaking/listening, somewhat above basic reading/writing)",0
12/6/2022 15:15:38,no,no,no,no,no,no,no,no,no,no,no,no,no,no,yes,no,yes,no,no,no,no,no,no,no,no,no,no,no,no,no,yes,no,no,no,no,yes,no,no,no,yes,yes,no,no,no,no,no,no,no,no,no,no,No,"English (fluent), Russian (fluent), Armenian (native), German(basic)",0
12/6/2022 15:16:57,no,no,no,no,no,no,no,no,no,no,no,no,no,no,yes,no,yes,no,no,no,no,no,no,no,no,no,no,no,no,no,yes,no,no,no,no,yes,no,no,no,yes,yes,no,no,no,yes,no,no,no,no,no,no,No,"English (fluent), Chinese (basic reading + writing)",0
12/6/2022 15:22:00,no,no,no,no,no,no,no,no,no,no,no,no,no,no,yes,no,yes,no,no,no,no,no,no,no,no,no,no,no,no,no,yes,no,yes,no,no,yes,no,no,no,yes,yes,yes,no,no,no,no,no,yes,no,no,no,Yes,None,0
12/6/2022 15:25:26,no,no,no,no,no,no,no,no,no,no,no,no,no,yes,yes,no,yes,no,no,no,no,no,no,no,no,no,no,no,no,no,yes,no,yes,no,no,yes,no,no,no,yes,yes,no,no,no,no,no,no,no,no,no,no,Barely accquainted with spanish after being around spanish speakers and 1.5 years in high school,"English (fluent), Chinese (basic r+w)",1
12/6/2022 15:26:03,no,no,no,no,no,no,no,no,no,no,no,no,no,no,yes,no,yes,no,no,no,no,no,no,no,no,no,no,no,no,no,yes,yes,no,no,no,yes,no,no,no,yes,yes,no,no,no,no,no,no,no,no,no,no,No,English (fluent),0
12/6/2022 15:26:56,no,no,no,no,no,no,no,no,no,no,no,no,no,no,yes,no,yes,no,no,no,no,no,no,no,no,no,yes,no,no,no,yes,no,no,no,no,yes,no,no,no,yes,yes,no,no,no,yes,yes,no,no,yes,no,yes,No,"English (fluent), French (basic reading + writing), Chinese (speaking + listening)",0
12/6/2022 15:28:06,no,no,no,no,no,no,no,no,no,no,no,no,no,no,yes,no,yes,no,no,no,no,no,no,no,no,no,no,no,no,no,yes,no,no,no,no,yes,no,no,no,yes,yes,no,no,no,yes,no,no,no,no,no,no,No,"English (fluent), Spanish (basic reading + writing), French (basic reading + writing)",0
12/6/2022 15:31:39,no,no,no,no,no,no,no,no,no,no,no,no,no,no,yes,no,no,no,no,no,no,no,no,no,no,no,no,no,no,yes,yes,no,no,no,no,yes,no,yes,no,no,yes,no,no,no,no,no,no,no,no,yes,no,Yes,"Spanish (fluent, first language), English (fluent)",1
12/6/2022 15:35:38,no,no,no,no,no,no,no,no,no,no,no,no,no,no,yes,no,yes,no,no,no,no,no,no,no,no,no,no,no,no,no,yes,no,no,no,no,yes,no,no,no,yes,yes,no,no,no,yes,no,no,no,no,no,no,No,Cantonese (sufficient),0
12/6/2022 15:38:19,no,no,no,no,no,no,no,no,no,no,no,no,no,no,yes,no,yes,no,no,no,no,no,no,no,no,no,no,no,no,no,yes,no,no,no,no,yes,no,no,no,yes,yes,no,no,no,no,no,no,no,no,no,no,No,"spanish (conversational), french (basic reading and writing)",1
12/6/2022 15:38:38,no,no,no,no,no,no,no,no,no,no,no,no,no,no,yes,no,yes,no,no,no,no,no,no,no,no,no,no,yes,no,no,yes,no,yes,no,no,yes,no,yes,no,yes,yes,no,yes,no,no,no,no,no,no,no,yes,"Not fluent, grew up around Spanish speakers","English (fluent), Spanish (decent comprehension and reading, limited speaking)",1
12/6/2022 15:38:49,no,no,no,no,no,no,no,no,no,no,no,no,no,no,yes,no,yes,no,no,no,no,no,no,no,no,no,no,no,no,no,yes,no,no,no,no,yes,no,no,no,yes,yes,no,no,no,no,no,no,no,no,yes,no,No,"english (fluent), mandarin (fluent)",0
12/6/2022 15:40:09,no,no,no,no,no,no,no,no,no,no,no,no,no,no,yes,no,yes,no,no,no,no,no,no,no,no,no,no,no,no,no,yes,no,no,no,no,yes,no,no,no,yes,yes,no,no,no,no,no,no,no,no,no,no,No,"English: Fluent
Greek: not fluent, but grew up around speakers",0
12/6/2022 15:43:09,no,no,no,no,no,no,no,no,no,no,no,no,no,no,yes,no,yes,no,no,no,no,no,no,no,no,no,no,yes,no,no,yes,no,no,no,no,yes,no,no,no,yes,yes,no,no,no,yes,no,no,no,no,no,no,No,"English (fluent), French (basic reading + writing)",0
12/6/2022 15:47:32,no,no,no,no,no,no,no,no,no,no,no,no,no,no,no,no,yes,no,no,no,no,no,no,no,no,no,no,no,no,no,yes,no,no,no,no,yes,no,no,no,yes,yes,no,no,no,no,no,no,no,no,no,no,No,"English (fluent), Mandarin (fluent), Spanish (basic reading + writing), Korean (basic reading writing and speaking)",0
12/6/2022 15:47:32,no,no,no,no,no,no,no,no,no,no,no,no,no,no,yes,no,yes,no,no,no,no,no,no,no,no,no,no,no,no,no,no,no,no,no,no,yes,no,no,no,no,no,yes,no,no,yes,no,no,no,no,no,no,No,"English (fluent), Chinese (native), Japanese (intermediate)",0
12/6/2022 15:49:02,no,no,no,no,no,no,no,no,no,no,no,no,no,no,yes,no,yes,no,no,no,no,no,no,no,no,no,no,yes,no,no,yes,no,no,no,no,yes,no,no,no,yes,yes,no,no,no,no,no,no,no,no,no,no,No,English (fluent) French (basic),0
12/6/2022 15:49:40,no,no,no,no,no,no,no,no,no,no,no,no,no,no,yes,no,yes,no,no,no,no,no,no,no,no,no,no,no,no,no,yes,no,no,no,no,yes,yes,no,no,yes,yes,no,no,yes,no,no,no,no,no,no,no,Yes,"English (fluent), Spanish (fluent), French (basic reading + writing) exactly as the example lol",1
12/6/2022 15:51:36,no,no,no,no,no,no,no,no,no,no,no,no,no,no,yes,no,yes,no,no,no,no,no,no,no,no,no,no,no,no,no,yes,no,no,no,no,yes,no,no,no,yes,yes,no,no,no,no,no,no,no,no,no,no,No,english,0
12/6/2022 15:52:04,no,no,no,no,no,no,no,no,no,no,no,no,no,no,yes,no,yes,no,no,no,no,no,no,no,no,no,no,no,no,no,yes,no,no,no,no,yes,no,no,no,yes,yes,no,no,no,no,no,no,no,no,no,no,"Not fluent, grew up around Spanish speakers",English (fluent) + Spanish (proficient) + Yoruba (intermediate speaking),1
12/6/2022 15:52:33,no,no,no,no,no,no,no,no,no,no,no,no,no,no,no,no,yes,no,no,no,no,no,no,no,no,no,no,no,no,no,yes,no,no,no,no,yes,no,no,no,yes,yes,no,no,no,no,no,no,no,no,no,no,No,"English (fluent), French (basic reading)",0
12/6/2022 15:53:26,no,no,no,no,no,no,no,no,no,no,no,no,no,no,yes,no,yes,no,no,no,no,no,no,no,no,no,no,yes,no,no,yes,no,no,no,no,yes,no,no,no,no,yes,no,no,no,no,no,no,no,no,no,no,No,"English (fluent), Mandarin (good listening/reading, basic writing/speaking)",0
12/6/2022 15:59:23,no,no,no,no,no,no,no,no,no,no,no,no,no,no,yes,no,yes,no,no,no,no,no,no,no,no,no,no,yes,no,no,yes,no,no,no,no,yes,no,no,no,yes,yes,no,no,no,no,no,no,no,no,no,yes,No,"Spanish (not fluent but like above proficient), Tamil (basic reading + writing, grew up around), Latin (reading), Hindi (basic)",1
12/6/2022 16:00:04,no,no,no,no,no,no,no,no,no,no,no,no,no,no,yes,no,yes,no,no,no,no,no,no,no,no,no,no,no,no,no,yes,no,no,no,no,yes,no,no,no,no,yes,no,no,no,no,no,no,no,no,no,no,No,English (fluent),0
12/6/2022 16:03:23,no,no,no,no,no,no,no,no,no,no,no,no,no,no,yes,no,yes,no,no,no,no,no,no,no,no,no,no,no,no,no,yes,no,no,no,no,yes,no,no,no,yes,yes,no,no,no,no,no,no,no,no,no,no,No,"English (fluent), Chinese (everyday speaking, basic reading), Spanish (basic reading & writing)",0
12/6/2022 16:06:15,no,no,no,no,no,no,no,no,no,no,no,no,no,no,yes,no,yes,no,no,yes,no,no,no,no,no,no,no,no,no,no,yes,no,no,no,no,yes,no,no,no,yes,yes,no,no,no,no,no,no,no,no,yes,no,Yes,"English (fluent), Spanish (fluent)",1
12/6/2022 16:06:29,no,no,no,no,no,no,no,no,no,no,no,no,no,no,yes,no,no,no,no,no,no,no,no,no,no,no,no,no,no,no,yes,no,no,no,no,yes,no,no,no,yes,yes,no,no,no,no,no,no,no,no,no,no,No,"English (fluent), Telugu (intermediate reading + writing, basic conversation), French (basic reading + writing)",0
12/6/2022 16:06:30,no,no,no,no,no,no,no,no,no,no,no,no,no,no,no,no,yes,no,no,no,no,no,no,no,no,no,no,no,no,no,yes,no,no,no,no,yes,no,no,no,yes,yes,no,no,no,no,no,no,no,no,no,no,Yes,"English (fluent), Spanish (proficient)",1
12/6/2022 16:06:47,no,no,no,no,no,no,no,no,no,no,no,no,no,no,yes,no,yes,no,no,no,no,no,no,no,no,no,no,no,no,no,yes,no,no,no,no,yes,yes,no,no,yes,yes,yes,yes,no,no,no,no,no,no,no,yes,No,"Russian (fluent), Kazakh (school level), Spanish (half forgotten 21G.701 from last semester)",0
12/6/2022 16:11:08,no,no,no,no,no,no,no,no,no,no,no,no,no,no,yes,no,yes,no,no,no,no,no,no,no,no,no,no,no,no,no,yes,no,no,no,no,yes,no,no,no,no,yes,no,no,no,yes,no,no,yes,no,no,no,No,"English (Fluent), Serbo-Croatian (fluent), German (proficient)",0
12/6/2022 16:11:29,no,no,no,no,no,no,no,no,no,no,no,no,no,no,no,no,yes,no,no,no,no,no,yes,no,no,no,no,no,no,no,yes,no,no,no,no,yes,no,no,no,yes,yes,no,no,no,no,no,no,no,no,no,no,"Not fluent, grew up around Spanish speakers",English (fluent),1
12/6/2022 16:12:57,no,no,no,no,no,no,no,no,no,no,no,no,no,no,yes,no,yes,no,no,no,no,no,no,no,no,no,no,no,no,no,yes,no,no,no,no,yes,no,no,no,yes,yes,no,no,no,no,no,no,no,yes,no,no,Yes,"English (fluent), Spanish (fluent), Mandarin (fluent), Japanese (basic reading + writing)",1
12/6/2022 16:15:03,no,no,no,no,no,no,no,no,no,no,no,no,no,no,yes,no,yes,no,no,no,no,no,no,no,no,no,no,no,no,no,yes,no,no,no,no,yes,no,no,no,yes,yes,no,no,no,no,no,no,no,no,no,no,No,"English (fluent), French (basic), Malay (basic)",0
12/6/2022 16:17:52,no,no,no,no,no,no,no,no,no,no,no,no,no,no,yes,no,yes,no,no,no,no,no,no,no,no,no,no,no,yes,no,yes,no,no,no,no,yes,no,no,no,yes,yes,no,no,no,no,no,no,no,no,no,no,"Not Hispanic, somewhat fluent in Spanish (5 years studied, incl in college)","English (fluent), Spanish (good speaking, listening reading, mid writing?), Telugu (conversational fluent, beginner reading/writing)",1
12/6/2022 16:23:16,no,no,no,no,no,no,no,no,no,no,no,no,no,no,no,no,yes,no,no,no,no,no,no,no,no,no,no,no,no,no,yes,no,no,no,no,yes,no,no,no,yes,yes,no,no,no,no,no,no,no,no,no,no,No,"English (fluent), Spanish (basic reading + writing), Mandarin (basic reading, writing, speaking)",0
12/6/2022 16:25:43,no,no,no,no,no,no,no,no,no,no,no,no,no,no,yes,no,yes,no,no,no,no,no,no,no,no,no,no,no,no,no,no,no,no,no,no,yes,no,no,no,no,yes,no,no,no,yes,no,no,no,no,no,no,No,Chinese (speaking/listening),0
12/6/2022 16:27:51,no,no,no,no,no,no,no,no,no,no,no,no,no,no,yes,no,yes,no,no,no,no,no,no,no,no,no,no,no,no,no,yes,no,no,no,no,yes,no,no,no,yes,yes,no,no,no,no,no,no,no,no,no,no,Studying Spanish,"Basic Japanese, Intermediate Spanish",1
12/6/2022 16:28:37,no,no,no,no,no,no,no,no,no,no,no,no,no,no,yes,no,yes,no,no,no,no,no,no,no,no,no,no,no,no,no,yes,no,no,no,no,yes,no,no,no,yes,yes,no,no,no,no,no,no,no,no,no,no,No,"English (fluent)
learned Spanish throughout school (12 years)",0
12/6/2022 16:30:52,no,no,no,no,no,no,no,no,no,no,no,no,no,no,yes,no,yes,no,no,no,no,no,no,no,no,no,no,yes,no,no,yes,no,no,no,no,yes,no,no,no,yes,yes,no,no,no,no,no,no,no,no,no,no,No,spanish (basic reading/writing) farsi (basic speaking),0
12/6/2022 16:31:43,no,no,no,no,no,no,no,no,no,no,no,no,no,no,yes,no,yes,no,no,no,no,no,no,no,no,no,no,no,no,no,yes,no,no,no,no,yes,no,no,no,yes,yes,no,no,no,no,no,no,no,no,yes,no,No,"English (fluent reading + writing, intermediate speaking), Thai (fluent)",0
12/6/2022 16:35:06,no,no,no,no,no,no,no,no,no,no,no,no,no,no,yes,no,yes,no,no,no,no,no,no,no,no,no,no,no,no,no,yes,no,no,no,no,yes,no,no,no,yes,yes,no,no,no,no,no,no,no,no,no,no,No,,0
12/6/2022 16:44:40,no,no,no,no,no,no,no,no,no,no,no,no,no,no,yes,no,yes,no,no,no,no,no,no,no,no,no,no,no,no,no,yes,no,no,no,no,yes,no,no,no,yes,yes,no,no,no,no,no,no,yes,no,yes,no,No,Japanese (conversational),0
12/6/2022 16:54:15,no,no,no,no,no,no,no,no,no,no,no,no,no,no,yes,no,yes,no,no,no,no,no,no,no,no,no,no,no,no,no,yes,no,no,no,no,yes,no,no,no,no,yes,no,no,no,no,no,no,no,yes,no,no,No,"English fluent, korean basic reading + writing",0
12/6/2022 16:54:34,no,no,no,no,no,no,no,no,no,no,no,no,no,no,yes,no,yes,no,no,no,no,no,no,no,yes,no,no,no,no,no,yes,no,no,no,no,yes,no,no,no,yes,yes,no,no,no,no,no,no,no,no,no,no,No,"English (fluent), French (literally the most basic French)",0
12/6/2022 16:57:58,no,no,no,no,no,no,no,no,no,no,no,no,no,no,yes,no,yes,no,no,no,no,no,no,no,no,no,no,no,no,no,yes,no,no,no,no,yes,no,no,no,no,yes,no,no,no,no,no,no,no,no,no,no,No,"English and French (fluent), Spanish (ok) , some Italian and German (basic)",0
12/6/2022 16:59:00,no,no,no,no,no,no,no,no,no,no,no,no,no,no,yes,no,yes,no,no,no,no,no,no,no,no,no,no,no,no,no,yes,no,no,no,no,yes,no,no,no,yes,yes,no,no,no,no,no,no,no,no,no,no,No,English (fluent),0
12/6/2022 17:04:46,no,no,no,no,no,no,no,no,no,no,no,no,no,no,yes,no,yes,no,no,no,no,no,no,no,no,no,no,yes,no,no,yes,no,no,no,no,yes,no,no,no,yes,yes,no,no,no,no,no,no,no,no,no,no,No,,0
12/6/2022 17:09:57,no,no,no,no,no,no,no,no,no,no,no,no,no,no,yes,no,yes,no,no,no,no,no,no,no,no,no,no,no,no,no,yes,no,no,no,no,yes,no,no,no,no,yes,yes,no,no,no,no,no,no,no,no,no,No,"english fluent, french and russian conversational",0
12/6/2022 17:11:53,no,no,no,no,no,no,no,no,no,no,no,no,no,no,yes,no,yes,no,no,no,no,no,no,no,no,no,no,no,no,no,yes,no,no,no,no,yes,no,no,no,yes,yes,no,no,no,no,no,no,no,no,no,no,I know some Spanish but I wouldn't say I'm fluent,"English (native), Korean (fluent), Spanish (basic)",0
12/6/2022 17:15:49,no,no,no,no,no,no,no,no,no,no,no,no,no,no,no,no,yes,no,no,no,no,no,no,no,no,no,no,no,no,no,yes,no,no,no,no,yes,no,no,no,no,yes,no,no,no,no,no,no,no,no,no,no,No,"English (fluent), Cantonese (conversational), Mandarin (basic)",0
12/6/2022 17:23:28,no,no,no,no,no,no,no,no,no,no,no,no,no,no,yes,no,yes,no,no,no,no,no,no,no,no,no,no,no,no,no,yes,no,no,no,no,yes,no,no,no,yes,yes,no,no,no,no,no,no,no,no,no,no,Yes,"English (fluent), Spanish (fluent), French (basic), Chinese (basic speaking+listening and very basic reading + writing)",1
12/6/2022 17:23:37,no,no,no,no,no,no,no,no,no,no,no,no,no,no,yes,no,yes,no,no,no,no,no,no,no,no,no,no,no,no,no,no,no,no,no,no,yes,no,no,no,yes,yes,no,no,no,no,no,no,no,no,yes,yes,Yes,English (fluent) Spanish (fluent),1
12/6/2022 17:24:06,no,no,no,no,no,no,no,no,no,no,no,no,no,no,yes,no,yes,no,no,no,no,no,no,no,no,no,no,no,no,no,yes,no,no,no,no,yes,no,no,no,yes,yes,no,no,no,no,no,no,no,no,no,no,No,"English (fluent), Hebrew (basic reading + writing)",0
12/6/2022 17:30:06,no,no,no,no,no,no,no,no,no,no,no,no,no,no,yes,no,yes,no,yes,no,no,no,no,no,no,no,no,no,no,no,yes,no,no,no,no,yes,no,no,no,yes,yes,no,no,no,no,no,no,no,no,no,no,No,English (fluent) Hindi (speaking) Mandarin (basic speaking) French (basic reading + writing),0
12/6/2022 17:30:19,no,no,no,no,no,no,no,no,no,no,no,no,no,no,yes,no,yes,no,no,no,no,no,no,no,no,no,no,no,no,no,yes,no,no,no,no,yes,no,no,no,no,yes,no,no,no,no,no,no,no,no,no,no,No,French (basic reading + writing + speaking),0
12/6/2022 17:36:02,no,no,no,no,no,no,no,no,no,no,no,no,no,no,yes,no,yes,no,no,no,no,no,no,no,no,no,no,no,no,no,yes,no,no,no,no,yes,no,no,no,yes,yes,no,no,no,no,no,no,no,no,no,no,No,"English (fluent), Chinese (fluent), French (basic reading + writing)",0
12/6/2022 17:47:00,no,no,no,no,no,no,no,no,no,no,no,no,no,no,yes,no,yes,no,no,no,no,no,no,no,no,yes,no,no,no,no,yes,no,no,no,no,yes,no,no,no,no,yes,yes,no,no,no,no,no,no,no,yes,no,No,"English (fluent), Spanish (basic reading, writing, speaking)",0
12/6/2022 17:48:09,no,no,no,no,no,no,no,no,no,no,no,no,no,no,no,no,yes,no,no,no,no,no,no,no,no,no,no,no,no,no,yes,no,no,no,no,yes,no,no,no,yes,yes,no,no,no,yes,no,no,no,no,yes,no,No,Ukrainian (fluent),0
12/6/2022 17:48:33,no,no,no,no,no,no,no,no,no,no,no,no,no,no,yes,no,yes,no,no,no,no,no,no,no,no,no,no,yes,no,no,yes,no,no,no,no,yes,no,no,no,yes,yes,no,no,no,no,no,no,no,no,no,no,No,"English(native), French(basic, only French 1)",0
12/6/2022 17:50:01,no,no,no,no,no,no,no,no,no,no,no,no,no,no,yes,no,yes,no,yes,no,no,no,no,no,yes,no,no,no,no,no,yes,no,no,no,no,yes,no,no,no,yes,yes,no,no,no,no,no,no,no,yes,no,no,No,"English (fluent), German (basic reading+writing)",0
12/6/2022 17:51:15,no,no,no,no,no,no,no,no,no,no,no,no,no,no,yes,no,yes,no,no,no,no,no,no,no,no,no,no,no,no,no,yes,no,no,no,no,yes,no,no,no,yes,yes,no,no,no,no,no,no,no,no,no,no,conversational,"english - fluent, polish - fluent",0
12/6/2022 17:55:56,no,no,no,no,no,no,no,no,no,no,no,no,no,no,yes,no,yes,no,no,no,no,yes,no,no,no,no,no,no,no,no,yes,no,no,no,no,yes,no,no,no,yes,yes,yes,no,no,yes,no,no,no,no,yes,no,No,,0
12/6/2022 17:56:33,no,no,no,no,no,no,no,no,no,no,no,no,no,no,yes,no,yes,no,no,no,no,no,no,no,no,no,no,no,no,no,yes,no,no,no,no,yes,no,no,no,yes,yes,no,no,no,no,no,no,no,no,no,no,No,"English (fluent), Chinese (fluent but only spoken)",0
12/6/2022 18:04:48,no,no,no,no,no,no,no,no,no,no,no,no,no,no,no,no,yes,no,no,no,no,no,no,no,no,no,no,no,no,no,yes,no,no,no,no,yes,yes,no,no,yes,yes,yes,no,no,no,no,no,no,no,no,no,No,"English (fluent), Mongolian (fluent), Japanese (average)",0
12/6/2022 18:06:42,no,no,no,no,no,no,no,no,no,no,no,no,no,no,yes,no,yes,no,no,no,no,no,no,no,no,no,no,yes,no,no,yes,no,no,no,no,yes,yes,yes,no,yes,yes,yes,no,yes,no,no,yes,yes,no,no,yes,No,Spanish (basic reading and writing),0
12/6/2022 18:19:18,no,no,no,no,no,no,no,no,no,no,no,no,no,no,yes,no,yes,no,no,no,no,no,no,no,no,no,no,no,no,no,yes,no,no,no,no,yes,no,no,no,yes,yes,no,no,no,no,no,no,no,no,no,no,No,"English (fluent), Spanish (medium), Mandarin (medium)",0
12/6/2022 18:26:03,no,no,no,no,no,no,no,no,no,no,no,no,yes,no,yes,no,yes,no,no,no,no,no,no,no,no,no,no,yes,no,no,yes,yes,no,no,no,yes,yes,no,no,yes,yes,no,no,no,no,yes,no,yes,no,no,no,No,"English (fluent), Chinese (basic speaking)",0
12/6/2022 18:31:34,no,no,no,no,no,no,no,no,no,no,no,no,no,no,yes,no,yes,no,no,no,no,no,no,no,no,no,no,no,no,no,yes,no,no,no,no,yes,no,yes,no,yes,yes,no,no,no,no,no,no,no,no,no,no,No,"English (fluent), Bengali (native), Korean (learner)",0
12/6/2022 18:40:02,no,no,no,no,no,no,no,no,no,no,no,no,no,no,yes,no,yes,no,no,no,no,no,no,no,no,no,no,no,no,no,yes,no,no,no,no,yes,no,no,no,yes,yes,no,no,no,no,no,no,no,no,no,no,No,"English (fluent), Chinese (fluent), Spanish (basic written + oral communication), German (basic written + oral communication), French (elementary), Russian (elementary)",0
12/6/2022 18:48:22,no,no,no,no,no,no,no,no,no,no,no,no,no,no,yes,no,yes,no,no,no,no,no,no,no,no,no,no,no,no,no,yes,no,no,no,no,yes,no,no,no,yes,yes,no,no,no,no,no,no,no,no,no,no,No,English (fluent),0
12/6/2022 18:54:52,no,no,no,no,no,no,no,no,no,yes,no,no,no,no,yes,no,yes,no,no,no,no,no,no,no,yes,no,no,yes,no,no,yes,no,yes,no,yes,yes,no,no,no,yes,yes,no,no,no,yes,no,no,yes,no,no,no,proficient Spanish ,"English (fluent), Chinese (fluent), Spanish (proficient), Japanese (basic)",1
12/6/2022 18:57:30,no,no,no,no,no,no,no,no,no,no,no,no,no,no,yes,no,yes,no,no,no,no,no,no,no,no,no,no,no,no,no,yes,no,no,no,no,yes,no,no,no,yes,yes,no,no,no,no,no,no,no,no,no,no,No,"English (fluent), Mandarin (fluent).",0
12/6/2022 18:58:53,no,no,no,no,no,no,no,no,no,no,no,no,no,no,yes,no,yes,no,no,no,no,no,no,no,no,no,no,no,no,no,yes,no,no,no,no,yes,no,no,no,yes,yes,no,no,no,no,no,no,no,no,no,no,No,"Spanish (near fluent), French (basic reading and writing)",1
12/6/2022 19:04:27,no,no,no,no,no,no,no,no,no,no,no,no,no,no,yes,no,yes,no,no,no,no,no,no,no,no,no,no,yes,no,no,yes,no,no,no,no,yes,no,no,no,yes,yes,no,no,no,no,no,no,no,no,no,no,No,"English: fluent, Yoruba: fluent, French: basic",0
12/6/2022 19:11:20,no,no,no,no,no,no,no,no,no,no,no,no,no,no,yes,no,yes,no,no,no,no,no,no,no,no,no,no,no,no,no,yes,no,no,no,no,yes,no,no,no,yes,yes,no,no,no,no,no,no,no,no,no,no,Yes,"English (fluent), Spanish (Conversational, can understand, not speak well, can't read), French (basic reading + writing+speaking)
",0
12/6/2022 19:13:43,no,no,no,no,no,no,no,no,no,no,no,no,no,no,yes,no,yes,no,no,no,no,no,no,no,no,no,no,no,no,no,no,no,no,no,no,yes,no,no,no,no,yes,no,no,no,no,no,no,no,no,no,no,took spanish for seven years in ms/hs but not fluent at all ,"english (fluent) 
spanish (basic reading & writing) 
tamil (basic speaking & understanding)
telugu (basic speaking & understanding)",0
12/6/2022 19:13:52,no,no,no,no,no,no,no,no,no,no,no,no,no,no,no,no,no,no,no,no,no,no,no,no,no,no,no,no,no,no,yes,no,no,no,no,yes,no,no,no,yes,yes,no,no,no,no,no,no,no,no,no,no,No,"English (fluent), Ukrainian (native), Russian (native), German (intermediate), Spanish (beginner)",0
12/6/2022 19:19:03,no,no,no,no,no,no,no,no,no,no,no,no,no,no,yes,no,yes,no,no,no,no,no,no,no,no,no,no,no,no,no,yes,no,no,no,no,yes,no,yes,no,yes,yes,no,no,no,yes,no,no,no,no,no,no,No,"English (fluent), Mandarin (conversant)",0
12/6/2022 19:32:07,no,no,no,no,no,no,no,no,no,no,no,no,no,no,yes,no,yes,no,yes,no,no,no,no,no,yes,no,no,yes,no,no,yes,no,no,no,no,yes,no,no,no,no,yes,yes,no,no,yes,no,no,yes,no,no,no,No,"English (fluent), Hebrew (fluent), Swedish (basic reading + writing)",0
12/6/2022 19:38:54,no,no,no,no,no,no,no,no,no,no,no,no,no,no,yes,no,yes,no,no,no,no,no,no,no,no,no,no,no,no,no,yes,no,no,no,no,yes,no,no,no,yes,yes,no,no,no,no,no,no,no,no,no,no,No,English (fluent),0
12/6/2022 19:55:59,no,no,no,no,no,no,no,no,no,no,no,no,no,no,no,no,yes,no,no,no,no,no,yes,no,no,no,no,no,no,no,yes,no,yes,no,no,yes,no,no,yes,yes,yes,yes,no,no,no,no,no,no,no,no,no,Yes,English (fluent) portugués (basic reading + writing),0
12/6/2022 19:56:31,no,no,no,no,no,no,no,no,no,yes,no,no,no,no,yes,no,yes,no,no,no,no,no,no,no,no,no,no,no,yes,no,yes,no,no,no,no,yes,no,no,no,yes,yes,no,no,no,yes,no,no,no,no,no,yes,No,"English (fluent), Italian (fluent), French (semi-fluent)",0
12/6/2022 20:05:16,no,no,no,no,no,no,no,no,no,no,no,no,no,no,yes,no,yes,no,no,no,no,no,no,no,no,no,no,no,no,no,yes,no,no,no,no,yes,no,no,no,yes,yes,no,no,no,no,no,no,no,no,no,no,"Not fluent, grew up around Spanish speakers",French (5 on AP French) ,1
12/6/2022 20:06:34,no,no,no,no,no,no,no,no,no,no,no,no,no,no,yes,no,yes,no,no,no,no,no,no,no,no,no,no,no,no,no,yes,no,no,no,no,yes,no,no,no,yes,yes,no,no,no,no,yes,no,no,no,no,no,Yes,"English (Fluent), Japanese (currently learning, at Japanese III)",0
12/6/2022 20:07:00,no,no,no,no,no,no,no,no,no,no,no,no,no,no,yes,no,yes,no,no,no,no,no,no,no,no,no,no,no,no,no,yes,no,no,no,no,yes,no,no,no,yes,yes,no,no,no,no,no,no,no,no,no,no,No,"English (fluent), Latin (basic reading + writing)",0
12/6/2022 20:27:16,no,no,no,no,no,no,no,no,no,no,no,no,no,no,yes,no,yes,no,no,no,no,no,no,no,no,no,no,no,no,no,no,no,no,no,no,yes,no,no,no,no,yes,no,no,no,no,no,no,no,no,no,no,Yes,"English (fluent), Hindi (fluent), Spanish (fluent), Urdu (fluent), Portuguese (basic reading + writing)",1
12/6/2022 20:36:04,no,no,no,no,no,no,no,no,no,no,no,no,no,no,yes,no,yes,no,no,no,no,no,no,no,no,no,no,no,no,no,yes,no,no,no,no,yes,no,no,no,yes,yes,no,no,no,no,no,no,no,no,no,no,"Not fluent, grew up around Spanish speakers","English (fluent), Spanish (basic reading + writing)",0
12/6/2022 21:06:59,no,no,no,no,no,no,no,no,no,no,no,no,no,no,no,no,yes,no,no,no,no,no,no,no,no,no,no,no,no,no,yes,yes,no,no,no,yes,no,no,yes,no,yes,yes,yes,no,no,no,no,no,no,no,no,No,English (fluent) ,0
12/6/2022 21:23:24,no,no,no,no,no,no,no,no,no,no,no,no,no,no,no,no,yes,no,no,no,no,no,no,no,no,no,no,no,no,no,yes,no,no,no,no,yes,no,no,no,yes,yes,no,no,no,no,no,no,no,no,no,no,No,english fluent ,0
12/6/2022 21:27:33,no,no,no,no,no,no,no,no,no,no,no,no,no,no,yes,no,no,no,no,no,no,no,no,no,no,no,no,no,no,no,no,no,no,no,no,yes,no,no,no,yes,no,no,no,no,yes,no,no,no,no,yes,no,Yes,"English (fluent), Spanish (fluent)",1
12/6/2022 21:35:16,no,no,no,no,no,no,no,no,no,no,no,no,no,no,no,no,yes,no,no,no,no,no,no,no,no,no,no,no,no,no,yes,no,no,no,no,yes,no,no,no,yes,yes,no,no,no,no,no,no,no,no,no,no,Yes,English (fluent),0
12/6/2022 21:56:39,no,no,no,no,no,no,no,no,no,no,no,no,no,no,yes,no,yes,no,no,no,no,no,no,no,no,no,no,no,no,no,yes,no,no,no,no,yes,no,no,no,yes,yes,no,no,no,no,no,no,no,no,no,no,No,"English (fluent), Chinese (fluent), French (semi-fluent? DELF B2 certified)",0
12/6/2022 22:16:54,no,no,no,no,no,no,no,no,no,no,no,no,no,no,yes,no,yes,no,no,no,no,no,no,no,yes,no,no,no,no,no,yes,no,no,no,no,yes,no,no,no,yes,yes,no,no,yes,yes,yes,no,no,no,yes,no,No,"English (fluent)
Spanish (basic reading + writing)
Japanese (basic reading + writing)
Korean (basic reading + writing)",0
12/6/2022 22:28:56,no,no,no,no,no,no,no,no,no,no,no,no,no,no,yes,no,yes,no,no,no,no,no,no,no,no,no,no,no,no,no,yes,no,no,no,no,yes,no,no,no,yes,yes,no,no,no,no,no,no,no,no,no,no,No,,0
12/6/2022 22:57:46,no,no,no,no,no,no,no,no,no,no,no,no,no,no,no,no,yes,no,no,no,no,no,no,no,no,no,no,no,no,no,yes,no,no,no,no,yes,no,no,no,yes,yes,no,no,no,no,no,no,no,no,no,no,No,Spanish (basic reading and writing),0
12/6/2022 23:05:10,no,no,no,no,no,no,no,no,no,no,no,no,no,no,yes,no,yes,no,no,no,no,no,no,no,no,no,no,no,no,no,yes,no,no,no,no,yes,no,no,no,yes,yes,no,no,no,no,no,no,no,no,no,no,No,English (fluent),0
12/6/2022 23:07:23,no,no,no,no,no,no,no,no,no,no,no,no,no,no,yes,no,yes,no,yes,no,no,no,no,no,no,no,no,no,no,no,yes,no,no,no,no,yes,yes,no,no,yes,yes,no,no,no,no,no,no,no,no,no,no,No,"English (fluent), Spanish some exposure, ASL basics",0
12/6/2022 23:16:40,no,no,no,no,no,no,no,no,no,no,no,no,no,no,yes,no,yes,no,no,no,no,no,no,no,no,no,no,no,no,no,yes,no,no,no,no,yes,no,no,no,yes,yes,no,no,no,no,no,no,no,no,no,no,No,"English (fluent), French (basic reading + writing), Japanese (read, write, speak)",0
12/6/2022 23:18:15,no,no,no,no,no,no,no,no,no,no,no,no,no,no,yes,no,yes,no,no,no,no,no,no,no,no,no,yes,no,no,no,yes,yes,no,no,no,yes,yes,no,no,yes,yes,no,no,no,no,no,no,no,no,no,no,"Not fluent, grew up around Spanish speakers","English (fluent), Spanish (intermediate),",1
12/6/2022 23:35:21,no,no,no,no,no,no,no,no,no,no,no,no,no,no,yes,no,yes,no,no,no,no,no,no,no,no,no,no,no,no,no,yes,no,no,no,no,yes,no,no,no,no,yes,no,no,no,no,no,no,no,no,yes,no,No,English (fluent),0
12/6/2022 23:58:51,no,no,no,no,no,no,no,no,no,no,no,no,no,no,yes,no,yes,no,no,no,no,no,no,no,no,no,no,no,no,no,yes,no,no,no,no,yes,no,no,no,yes,yes,no,no,no,no,no,no,no,no,no,no,"Not fluent, grew up around Spanish speakers",,1
12/7/2022 0:23:57,no,no,no,no,no,no,no,no,no,no,no,no,no,no,yes,no,yes,no,no,no,no,no,no,no,no,no,no,no,no,no,yes,no,no,no,no,yes,no,no,no,no,yes,no,no,no,no,no,no,yes,no,no,yes,No,"English(fluent), Spanish(proficient), Polish(fluent)",1
12/7/2022 0:39:37,no,no,no,no,no,no,no,no,no,no,no,no,no,no,yes,no,yes,no,no,no,no,no,no,no,no,no,no,no,no,no,yes,no,no,no,no,yes,no,no,no,yes,yes,no,no,no,no,no,no,no,yes,no,yes,Yes,"English (fluent), Spanish (fluent), French (reading + writing from highschool)",1
12/7/2022 1:22:21,no,no,no,no,no,no,no,no,no,no,no,no,yes,no,yes,no,yes,no,no,no,no,no,yes,no,no,no,no,yes,no,no,yes,no,no,no,no,yes,no,no,no,yes,yes,no,no,no,no,no,no,no,no,yes,no,No,"English (fluent), Cantonese (conversational), Spanish (basic reading and writing)",0
12/7/2022 2:25:46,no,no,no,no,no,no,no,no,no,no,no,no,no,no,yes,no,yes,no,no,no,no,no,no,no,yes,no,no,no,no,no,yes,no,no,no,no,yes,no,no,no,yes,yes,yes,yes,no,yes,no,no,no,no,no,yes,No,"English (fluent), Spanish (basic), Japanese (conversational)",0
12/7/2022 6:24:38,no,no,no,no,no,no,no,no,no,no,no,no,no,no,yes,no,yes,no,no,yes,no,no,no,no,yes,yes,no,yes,no,yes,yes,no,no,no,yes,yes,yes,yes,no,yes,yes,no,no,no,no,no,no,no,no,yes,yes,No,"English (fluent), Hindi (fluent)",0
12/7/2022 8:21:37,no,no,no,no,no,no,no,no,no,no,no,no,no,no,no,no,yes,no,no,no,no,no,no,no,no,no,no,no,no,no,yes,no,no,no,no,yes,no,no,no,yes,yes,no,no,no,no,no,no,no,no,no,no,No,English (fluent),0
12/7/2022 8:22:02,no,no,no,no,no,no,no,no,no,no,no,no,no,no,no,no,yes,no,no,no,no,no,no,no,no,no,no,no,no,no,yes,no,no,no,no,yes,yes,no,no,yes,yes,no,no,no,yes,no,no,no,no,no,no,No,,0
12/7/2022 9:39:00,no,no,no,no,no,no,no,no,no,no,no,no,no,no,yes,no,yes,no,no,no,no,no,no,no,no,yes,no,no,no,no,yes,no,no,no,no,yes,no,no,no,yes,yes,no,no,no,yes,no,no,no,no,yes,no,No,"English (fluent), Tamil (fluent), French (fluent)",0
12/7/2022 9:46:50,no,no,no,no,no,no,no,no,no,no,no,no,no,no,yes,no,yes,no,no,no,no,no,no,no,no,no,no,no,no,no,yes,no,no,no,no,yes,no,no,no,yes,yes,no,no,no,no,no,no,no,no,no,no,"I took 4 semesters of Spanish at MIT, Spanish 1-4. But I do not have any Hispanic-ness in me.","Turkish (Native), English (Fluent), Spanish (Intermediate), German (Very very very basic), Mandarin (Just know a few common phrases)",1
12/7/2022 9:48:47,no,no,no,no,no,no,no,no,no,no,no,no,no,no,yes,no,yes,no,no,no,no,no,no,no,no,no,no,no,no,no,yes,no,no,no,no,yes,no,no,no,yes,yes,no,no,no,no,no,no,no,no,no,no,No,"English (fluent), Latin (basic reading + writing)",0
12/7/2022 9:53:06,no,no,no,no,no,no,no,no,no,no,no,no,no,no,yes,no,yes,no,no,no,no,no,no,no,no,no,no,no,no,no,yes,no,no,no,no,yes,no,no,no,yes,yes,no,no,no,no,no,no,no,yes,yes,no,No,"English (fluent), Hindi (speaking, no reading or writing)",0
12/7/2022 10:08:18,no,no,no,no,no,no,no,no,no,no,no,no,no,no,yes,no,yes,no,no,no,no,no,no,no,no,no,no,no,no,no,yes,no,no,no,no,yes,no,no,no,yes,yes,no,no,no,no,no,no,no,no,no,no,No,"English (fluent), Spanish (very basic)",0
12/7/2022 10:19:39,no,no,no,no,no,no,no,no,no,no,no,no,no,no,yes,no,yes,no,no,no,no,no,no,no,no,no,no,no,no,no,yes,no,no,no,no,yes,no,no,no,no,yes,no,no,no,no,no,no,no,no,no,no,I took Spanish in middle/high school,"English (native), Mandarin (currently in Chinese 5), Spanish (intermediate)",1
12/7/2022 10:53:11,no,no,no,no,no,no,no,no,no,no,no,no,no,no,no,no,yes,no,no,no,no,no,no,no,no,no,no,no,no,no,yes,no,no,no,no,yes,no,no,no,no,yes,no,no,no,no,no,no,no,no,yes,no,Yes,"English (fluent), Spanish (understand and read pretty well, struggle writing), Arabic (can read and write) ",1
12/7/2022 10:55:38,no,no,no,no,no,no,no,no,no,no,no,no,no,no,yes,no,yes,no,no,no,no,no,no,no,no,no,no,no,no,no,yes,no,no,no,no,yes,no,no,no,yes,yes,no,no,no,no,no,no,no,no,no,no,"Not fluent, grew up around Spanish speakers",french (intermediate),0
12/7/2022 11:38:12,no,no,no,no,no,no,no,no,no,no,no,no,no,no,yes,no,yes,no,no,no,no,no,no,no,no,no,no,yes,no,no,yes,no,no,no,no,yes,no,no,no,no,yes,no,no,no,no,no,no,no,no,no,no,No,"English (fluent)
Chinese (bad)",0
12/7/2022 11:42:34,no,no,no,no,no,no,no,no,no,no,no,no,no,no,yes,no,yes,no,no,no,no,no,no,no,no,yes,no,no,no,no,yes,no,yes,no,no,yes,yes,no,no,yes,yes,no,no,no,no,no,no,no,no,no,no,Yes,English (fluent) Spanish (near fluent),1
12/7/2022 12:50:24,no,no,no,no,no,no,no,no,no,no,no,no,no,no,yes,no,yes,no,no,no,no,no,no,no,no,no,no,no,no,no,yes,no,no,no,no,yes,no,no,no,yes,yes,no,no,no,no,no,no,no,no,no,no,No,"English (fluent), French (basic reading + writing)",0
12/7/2022 12:52:17,no,no,no,no,no,no,no,no,no,no,no,no,no,no,yes,no,yes,no,no,no,no,no,no,no,no,no,no,no,no,no,yes,no,no,no,no,yes,no,no,no,yes,yes,no,no,no,no,no,no,no,no,no,no,No,"English (fluent), Turkmen (native), Russian (fluent), Turkish (read + basic writing + talk), Uzbek (talk)",0
12/7/2022 15:00:46,no,no,no,no,no,no,no,no,no,no,no,no,no,no,yes,no,yes,no,no,no,no,no,no,no,no,no,no,no,no,no,yes,no,yes,no,no,yes,no,no,no,yes,yes,no,no,no,no,no,no,no,no,no,no,No,,0
12/7/2022 16:25:33,no,no,no,no,no,no,no,no,no,no,no,no,no,no,yes,no,yes,no,no,no,no,no,no,no,no,no,no,no,no,no,no,no,no,no,no,yes,no,no,no,yes,no,no,no,no,no,no,no,no,no,no,no,No,"English (fluent), Spanish (basic reading, writing, speaking), French (basic reading)",0
12/7/2022 17:31:16,no,no,no,no,no,no,no,no,no,no,no,no,no,no,no,no,yes,no,no,no,no,no,no,no,no,no,no,no,no,no,yes,no,no,no,no,yes,no,no,no,yes,yes,no,no,no,no,no,no,no,no,no,no,No,"Japanese: basic speaking reading writing
Thai: Fluent (native)",0
12/7/2022 21:35:19,no,no,no,no,no,no,no,no,no,no,no,no,yes,no,no,no,yes,no,no,no,no,no,no,no,no,yes,no,yes,no,no,yes,no,no,no,no,yes,no,no,no,yes,yes,no,no,no,yes,no,no,no,no,yes,no,No,"Chinese, spanish: very basic speaking",0
12/7/2022 21:48:39,no,no,no,no,no,no,no,no,no,no,no,no,no,no,yes,no,yes,no,no,no,no,no,no,no,no,no,no,no,no,no,yes,no,no,no,no,yes,no,no,no,yes,yes,no,no,no,yes,no,no,no,no,no,no,No,English (fluent),0
12/7/2022 22:30:57,no,no,no,no,no,no,no,no,no,no,no,no,no,no,yes,no,yes,no,no,no,no,no,no,no,no,no,no,no,no,no,yes,no,no,no,no,yes,no,no,no,yes,yes,no,no,no,no,no,no,no,no,no,no,No,,0
12/7/2022 23:09:03,no,no,no,no,no,no,no,no,no,no,no,no,no,no,no,no,yes,no,no,no,no,no,no,no,no,no,no,yes,no,no,yes,no,no,no,no,yes,no,yes,no,yes,yes,no,no,no,no,no,no,no,no,no,no,No,"English (fluent), Spanish (basic reading + writing)",0
12/8/2022 0:21:14,no,no,no,no,no,no,no,no,no,no,no,no,no,no,yes,no,yes,no,no,yes,no,no,no,no,no,no,no,no,no,no,yes,no,no,no,no,yes,no,no,no,no,no,no,no,no,no,no,no,no,no,yes,no,No,"French (basic reading + writing), Chinese (orally semi-fluent)",0
12/8/2022 0:30:36,no,no,no,no,no,no,no,no,no,no,no,no,no,no,yes,no,yes,no,no,no,no,no,no,no,no,no,no,no,no,no,yes,no,no,no,no,yes,yes,no,no,yes,yes,no,no,no,no,no,no,no,no,yes,no,"I'm not fluent, but I can communicate if necessary.","English (fluent), Spanish (basic conversation, reading, and writing), Japanese (currently learning)",0
12/8/2022 2:19:32,no,no,no,no,no,no,no,no,no,no,no,no,no,no,yes,no,yes,no,no,no,no,no,no,no,no,no,no,no,no,no,yes,no,no,no,yes,yes,no,no,no,yes,yes,no,no,no,no,no,no,yes,no,no,no,No,"English (fluent), German (intermediate)",0
12/8/2022 17:34:15,no,no,no,no,no,no,no,no,no,no,no,no,no,no,no,no,yes,no,no,no,no,no,no,no,no,no,no,no,no,no,yes,no,no,no,no,yes,no,no,no,yes,yes,no,no,no,no,no,no,no,no,no,no,No,"English (fluent), Spanish (basic reading + writing)",0
12/8/2022 20:35:13,no,no,no,no,no,no,no,no,no,no,no,no,no,no,yes,no,yes,no,no,no,no,no,no,no,no,yes,no,yes,no,no,yes,yes,no,no,yes,yes,no,no,no,yes,yes,no,no,no,yes,no,no,yes,yes,yes,no,No,English(fluent),